{
  "small_homo": {
    "overall": 0.018498552963137627,
    "per_type": {
      "Spatial": 0.012317749671638012,
      "Temporal": 0.0036930167116224766,
      "Spectral": 0.04912358522415161,
      "Relational": 0.008859863504767418
    },
    "params": 367816,
    "routing": {
      "Spatial": [
        0.32408246397972107,
        0.24237073957920074,
        0.23009636998176575,
        0.20345045626163483
      ],
      "Temporal": [
        0.5167204737663269,
        0.19701498746871948,
        0.1965421587228775,
        0.08972244709730148
      ],
      "Spectral": [
        0.1989155113697052,
        0.3493195176124573,
        0.2270142287015915,
        0.2247508019208908
      ],
      "Relational": [
        0.2128402590751648,
        0.19138333201408386,
        0.595140278339386,
        0.0006361259729601443
      ]
    }
  },
  "hetero": {
    "overall": 0.01549056451767683,
    "per_type": {
      "Spatial": 0.0029805637896060944,
      "Temporal": 0.012017648667097092,
      "Spectral": 0.04065172001719475,
      "Relational": 0.0063123260624706745
    },
    "params": 220280,
    "routing": {
      "Spatial": [
        0.26326361298561096,
        0.2596242129802704,
        0.22088751196861267,
        0.25622469186782837
      ],
      "Temporal": [
        0.2556114196777344,
        0.30944502353668213,
        0.1801680624485016,
        0.2547755539417267
      ],
      "Spectral": [
        0.3612704873085022,
        0.14563478529453278,
        0.1463109403848648,
        0.3467838168144226
      ],
      "Relational": [
        0.6485442519187927,
        8.937007078202441e-05,
        0.0001514174073236063,
        0.3512149751186371
      ]
    }
  },
  "hybrid_matched": {
    "overall": 0.015616560354828835,
    "per_type": {
      "Spatial": 0.0023644084576517344,
      "Temporal": 0.008840599097311497,
      "Spectral": 0.04725313559174538,
      "Relational": 0.004008106421679258
    },
    "params": 248990,
    "routing": {
      "Spatial": [
        0.29289790987968445,
        0.2487792670726776,
        0.25143083930015564,
        0.20689205825328827
      ],
      "Temporal": [
        0.32547444105148315,
        0.23311665654182434,
        0.29271572828292847,
        0.14869318902492523
      ],
      "Spectral": [
        0.2449248731136322,
        0.27800294756889343,
        0.29519593715667725,
        0.1818762570619583
      ],
      "Relational": [
        0.0017604246968403459,
        0.5615166425704956,
        0.436299204826355,
        0.00042378297075629234
      ]
    }
  },
  "homo_400k": {
    "overall": 0.020834267139434814,
    "per_type": {
      "Spatial": 0.016806336119771004,
      "Temporal": 0.0059643215499818325,
      "Spectral": 0.05221765488386154,
      "Relational": 0.008348755538463593
    },
    "params": 472840,
    "routing": {
      "Spatial": [
        0.2675563395023346,
        0.23176877200603485,
        0.26309412717819214,
        0.23758076131343842
      ],
      "Temporal": [
        0.2945224344730377,
        0.21007950603961945,
        0.32956793904304504,
        0.16583013534545898
      ],
      "Spectral": [
        0.15719684958457947,
        0.34906360507011414,
        0.3507351875305176,
        0.14300437271595
      ],
      "Relational": [
        2.5746332539711148e-05,
        0.9990221858024597,
        0.0009344140999019146,
        1.7689517335384153e-05
      ]
    }
  },
  "hetero_400k": {
    "overall": 0.014212731271982193,
    "per_type": {
      "Spatial": 0.007154484279453754,
      "Temporal": 0.005211927462369204,
      "Spectral": 0.040351711213588715,
      "Relational": 0.004132798872888088
    },
    "params": 401144,
    "routing": {
      "Spatial": [
        0.2541661262512207,
        0.26364579796791077,
        0.22552646696567535,
        0.25666165351867676
      ],
      "Temporal": [
        0.29214784502983093,
        0.21614079177379608,
        0.2232048660516739,
        0.26850655674934387
      ],
      "Spectral": [
        0.2432747334241867,
        0.3154050409793854,
        0.20887300372123718,
        0.23244723677635193
      ],
      "Relational": [
        0.016108723357319832,
        0.9748937487602234,
        0.0038496877532452345,
        0.005147948395460844
      ]
    }
  },
  "hybrid_400k": {
    "overall": 0.014723996631801128,
    "per_type": {
      "Spatial": 0.0025966251268982887,
      "Temporal": 0.007893960922956467,
      "Spectral": 0.04332434758543968,
      "Relational": 0.005081052426248789
    },
    "params": 352280,
    "routing": {
      "Spatial": [
        0.2631737291812897,
        0.2529368996620178,
        0.24115952849388123,
        0.24272993206977844
      ],
      "Temporal": [
        0.2922379970550537,
        0.25858038663864136,
        0.26931339502334595,
        0.17986829578876495
      ],
      "Spectral": [
        0.2722257375717163,
        0.28183838725090027,
        0.2752976715564728,
        0.17063821852207184
      ],
      "Relational": [
        0.040566377341747284,
        0.5592477321624756,
        0.39983558654785156,
        0.00035039312206208706
      ]
    }
  },
  "homo_700k": {
    "overall": 0.020135048776865005,
    "per_type": {
      "Spatial": 0.01603117771446705,
      "Temporal": 0.0036415979266166687,
      "Spectral": 0.051562998443841934,
      "Relational": 0.009304420091211796
    },
    "params": 689800,
    "routing": {
      "Spatial": [
        0.22709189355373383,
        0.28078168630599976,
        0.2946825623512268,
        0.1974439173936844
      ],
      "Temporal": [
        0.15969419479370117,
        0.3733716607093811,
        0.3420979380607605,
        0.124836266040802
      ],
      "Spectral": [
        0.35107919573783875,
        0.2656770944595337,
        0.16183173656463623,
        0.22141197323799133
      ],
      "Relational": [
        0.9964916110038757,
        0.002367499051615596,
        0.0005648283986374736,
        0.0005761208012700081
      ]
    }
  },
  "hetero_700k": {
    "overall": 0.014526816084980965,
    "per_type": {
      "Spatial": 0.0035482223611325026,
      "Temporal": 0.006361138075590134,
      "Spectral": 0.04328708350658417,
      "Relational": 0.0049108169041574
    },
    "params": 888322,
    "routing": {
      "Spatial": [
        0.27935072779655457,
        0.2551006078720093,
        0.22416377067565918,
        0.24138492345809937
      ],
      "Temporal": [
        0.36972594261169434,
        0.222613126039505,
        0.19391511380672455,
        0.2137458622455597
      ],
      "Spectral": [
        0.2324657440185547,
        0.2978014349937439,
        0.13349097967147827,
        0.3362419009208679
      ],
      "Relational": [
        0.0018484591273590922,
        0.8150113821029663,
        0.00015900413563940674,
        0.1829812079668045
      ]
    }
  },
  "hybrid_700k": {
    "overall": 0.014190319925546646,
    "per_type": {
      "Spatial": 0.001817696145735681,
      "Temporal": 0.005075686611235142,
      "Spectral": 0.045689526945352554,
      "Relational": 0.004178367555141449
    },
    "params": 538490,
    "routing": {
      "Spatial": [
        0.2727556824684143,
        0.2493746280670166,
        0.25985243916511536,
        0.21801728010177612
      ],
      "Temporal": [
        0.30692949891090393,
        0.2262437790632248,
        0.2742082476615906,
        0.19261854887008667
      ],
      "Spectral": [
        0.258957177400589,
        0.3153946101665497,
        0.24937863647937775,
        0.17626963555812836
      ],
      "Relational": [
        0.017406750470399857,
        0.9689266681671143,
        0.01225518248975277,
        0.0014114670921117067
      ]
    }
  },
  "single_ffn": {
    "overall": 0.0206704493612051,
    "per_type": {
      "Spatial": 0.016762802377343178,
      "Temporal": 0.005838819779455662,
      "Spectral": 0.053287606686353683,