{
  "exp1": {
    "homo": {
      "overall": 0.02029893361032009,
      "per_type": {
        "Spatial": 0.015040636993944645,
        "Temporal": 0.004648472648113966,
        "Spectral": 0.05308675393462181,
        "Relational": 0.00841987319290638
      },
      "routing": [
        [
          0.2270331233739853,
          0.2722455561161041,
          0.29164978861808777,
          0.2090715616941452
        ],
        [
          0.1669865846633911,
          0.3347738981246948,
          0.3533014953136444,
          0.14493805170059204
        ],
        [
          0.37039652466773987,
          0.2573913037776947,
          0.17408132553100586,
          0.19813090562820435
        ],
        [
          0.9974327683448792,
          0.001689011580310762,
          0.0005352895241230726,
          0.0003429485368542373
        ]
      ],
      "params": 689800
    },
    "hetero": {
      "overall": 0.016731636598706245,
      "per_type": {
        "Spatial": 0.004034219775348902,
        "Temporal": 0.010193470865488052,
        "Spectral": 0.04705989360809326,
        "Relational": 0.005638964474201202
      },
      "routing": [
        [
          0.2550857365131378,
          0.24627600610256195,
          0.255298912525177,
          0.2433394193649292
        ],
        [
          0.2657013535499573,
          0.2471259981393814,
          0.20496967434883118,
          0.2822030186653137
        ],
        [
          0.37038734555244446,
          0.1717313677072525,
          0.1931065320968628,
          0.26477479934692383
        ],
        [
          0.55510014295578,
          0.000362344435416162,
          0.0008577954722568393,
          0.4436798095703125
        ]
      ],
      "params": 220280
    },
    "hybrid": {
      "overall": 0.015491434372961521,
      "per_type": {
        "Spatial": 0.003862136509269476,
        "Temporal": 0.007760731037706137,
        "Spectral": 0.045662667602300644,
        "Relational": 0.004680202808231115
      },
      "routing": [
        [
          0.27991074323654175,
          0.25830841064453125,
          0.22772035002708435,
          0.23406052589416504
        ],
        [
          0.3997539281845093,
          0.20936466753482819,
          0.21266886591911316,
          0.17821259796619415
        ],
        [
          0.32214245200157166,
          0.3071388900279999,
          0.20298655331134796,
          0.16773217916488647
        ],
        [
          0.17806732654571533,
          0.8190454840660095,
          0.0025396167766302824,
          0.00034757485263980925
        ]
      ],
      "params": 352280
    }
  },
  "exp2": {
    "big_homo": {
      "overall": 0.020488956943154335,
      "per_type": {
        "Spatial": 0.01246658619493246,
        "Temporal": 0.006677296012639999,
        "Spectral": 0.05308346450328827,
        "Relational": 0.009728483855724335
      },
      "routing": [
        [
          0.2326764017343521,
          0.2860475480556488,
          0.22969047725200653,
          0.25158563256263733
        ],
        [
          0.20467181503772736,
          0.3492755889892578,
          0.2618594467639923,
          0.1841931939125061
        ],
        [
          0.3651922643184662,
          0.3546006679534912,
          0.09692321717739105,
          0.18328388035297394
        ],
        [
          0.9821869730949402,
          0.017545780166983604,
          5.4159936553332955e-05,
          0.00021310086594894528
        ]
      ],
      "params": 1313416
    },
    "hetero_matched": {
      "overall": 0.01694190688431263,
      "per_type": {
        "Spatial": 0.0077711911872029305,
        "Temporal": 0.009777244180440903,
        "Spectral": 0.04629427567124367,
        "Relational": 0.003924919757992029
      },
      "routing": [
        [
          0.2588304281234741,
          0.25538527965545654,
          0.22405683994293213,
          0.2617274820804596
        ],
        [
          0.2912200689315796,
          0.22426456212997437,
          0.21813806891441345,
          0.266377329826355
        ],
        [
          0.23343119025230408,
          0.3373037278652191,
          0.19271968305110931,
          0.23654544353485107
        ],
        [
          0.008092156611382961,
          0.983919620513916,
          0.002204207004979253,
          0.005784096196293831
        ]
      ],
      "params": 401144
    },
    "hybrid_matched": {
      "overall": 0.014212191104888916,
      "per_type": {
        "Spatial": 0.0020963498391211033,
        "Temporal": 0.004649837501347065,
        "Spectral": 0.045086052268743515,
        "Relational": 0.005016523879021406
      },
      "routing": [
        [
          0.28535032272338867,
          0.24980109930038452,
          0.2397303581237793,
          0.2251182645559311
        ],
        [
          0.37872380018234253,
          0.24585939943790436,
          0.2015766054391861,
          0.1738402545452118
        ],
        [
          0.28020331263542175,
          0.2127293199300766,
          0.28831684589385986,
          0.21875056624412537
        ],
        [
          0.03243369609117508,
          0.0017477143555879593,
          0.9626328945159912,
          0.003185742301866412
        ]
      ],
      "params": 637276
    }
  },
  "exp3": {
    "homo": [
      0.02029893361032009,
      0.0195456650108099,
      0.019420048221945763,
      0.02203519642353058,
      0.022484291344881058
    ],
    "hetero": [
      0.016731632873415947,
      0.016802780330181122,
      0.016400311142206192,
      0.017490174621343613,
      0.01830500178039074
    ],
    "hybrid": [
      0.015491433441638947,
      0.013455989770591259,
      0.016595693305134773,
      0.015368223190307617,
      0.01564091071486473
    ],
    "seeds": [
      42,
      123,
      456,
      789,
      1337
    ]
  },
  "exp4": {
    "dims": [
      64,
      128,
      256
    ],
    "homo": [
      {
        "hid": 64,
        "mse": 0.02057570032775402,
        "params": 402568,
        "per_type": {
          "Spatial": 0.01647779531776905,
          "Temporal": 0.005517440848052502,
          "Spectral": 0.05069054290652275,
          "Relational": 0.009617014788091183
        }
      },
      {
        "hid": 128,
        "mse": 0.02029893361032009,
        "params": 689800,
        "per_type": {
          "Spatial": 0.015040636993944645,
          "Temporal": 0.004648472648113966,
          "Spectral": 0.05308675393462181,
          "Relational": 0.00841987319290638
        }
      },
      {
        "hid": 256,
        "mse": 0.020488956943154335,
        "params": 1313416,
        "per_type": {
          "Spatial": 0.01246658619493246,
          "Temporal": 0.006677296012639999,
          "Spectral": 0.05308346450328827,
          "Relational": 0.009728483855724335
        }
      }
    ],
    "hetero": [
      {
        "hid": 64,
        "mse": 0.01866092160344124,
        "params": 154560,
        "per_type": {
          "Spatial": 0.007329576648771763,
          "Temporal": 0.011288164183497429,
          "Spectral": 0.051480937749147415,
          "Relational": 0.0045450166799128056
        }
      },
      {
        "hid": 128,
        "mse": 0.016731634736061096,
        "params": 220280,
        "per_type": {
          "Spatial": 0.004034215584397316,
          "Temporal": 0.010193463414907455,
          "Spectral": 0.04705991595983505,
          "Relational": 0.005638943053781986
        }
      },
      {
        "hid": 256,
        "mse": 0.015336207114160061,
        "params": 480360,
        "per_type": {
          "Spatial": 0.0027568002697080374,
          "Temporal": 0.0098397983238101,
          "Spectral": 0.04418359696865082,
          "Relational": 0.004564635921269655
        }
      }
    ],
    "hybrid": [
      {
        "hid": 64,
        "mse": 0.016826564446091652,
        "params": 220048,